class,score,x1,y1,x2,y2
solder-square,0.9381393790245056,386,158,526,262
solder-square,0.7024894952774048,387,584,532,689
